231691324_S6.tmp	3	EMM74.0	EMM156.0~*;EMM138.1~*	Single protein cluster clade Y
233421898_S5.tmp	1	EMM1.0		A-C3
233422248_S3.tmp	1	EMM1.3		A-C3
233430166_S4.tmp	1	EMM1.3		A-C3
23SB-106M0036_S15_L001.tmp	1	EMM1.0		A-C3
23SB-143M0036_S5_L001.tmp	1	EMM12.8		A-C4
23SC-014M0062_S3_L001.tmp	3	EMM66.0	EMM149.2~*;EMM141.0	E2
23SC-035M0015_S9_L001.tmp	2	EMM49.0	EMM236.2~*	E3
23SC-083M0072_S18_L001.tmp	2	EMM25.4	EMM149.0~*	E3
23SC-088M0045_S21_L001.tmp	1	EMM12.0		A-C4
23SC-089M0067_S23_L001.tmp	1	EMM12.0		A-C4
23SC-121M0012_S12_L001.tmp	3	EMM22.0	EMM149.3~*;EMM156.0*	E4
23SC-140M0057_S6_L001.tmp	1	EMM1.0		A-C3
23SG-024M0143_S4_L001.tmp	1	EMM12.7		A-C4
23SG-034M0106_S8_L001.tmp	1	EMM92.0		E2
23SG-074M0109_S16_L001.tmp	2	EMM49.0	EMM236.2~*	E3
23SG-130M0102_S10_L001.tmp	1	EMM12.0		A-C4
23SG-145M0015_S3_L001.tmp	1	EMM12.0		A-C4
23SH-005M1638_S1_L001.tmp	3	EMM83.1	EMM240.1*;EMM156.1~*	D4
23SH-009M1094_S2_L001.tmp	3	EMM81.0	EMM164.3*;EMM156.1~*	E6
23SH-029M0358_S5_L001.tmp	2	EMM49.0	EMM236.2~*	E3
23SH-030M2179_S6_L001.tmp	1	EMM28.0		E4
23SH-033M1095_S7_L001.tmp	2	EMM49.0	EMM236.2~*	E3
23SH-038M1879_S10_L001.tmp	2	EMM49.0	EMM236.2~*	E3
23SH-049M0198_S11_L001.tmp	2	EMM49.0	EMM236.2~*	E3
23SH-050M1003_S12_L001.tmp	2	EMM82.0	EMM149.0~*	E3
23SH-053M1623_S13_L001.tmp	3	EMM53.0~	EMM134.2*;EMM156.1~*	D4
23SH-053M1624_S14_L001.tmp	3	EMM53.0~	EMM134.2*;EMM156.1~*	D4
23SH-063M0013_S15_L001.tmp	1	EMM12.8		A-C4
23SH-065M0295_S16_L001.tmp	2	EMM89.0	EMM203.4	E4
23SH-066M0152_S17_L001.tmp	2	EMM49.0	EMM236.2~*	E3
23SH-071M0020_S18_L001.tmp	2	EMM49.0	EMM236.2~*	E3
23SH-077M0027_S17_L001.tmp	1	EMM6.4		Single protein cluster clade Y
23SH-084M0850_S19_L001.tmp	1	EMM1.0		A-C3
23SH-089M0615_S20_L001.tmp	1	EMM12.0		A-C4
23SH-090M0134_S22_L001.tmp	2	EMM77.0	EMM149.2~*	E4
23SH-103M0533_S19_L001.tmp	1	EMM12.7		A-C4
23SH-108M0271_S14_L001.tmp	2	EMM49.0	EMM236.2~*	E3
23SH-113M0067_S13_L001.tmp	3	EMM80.0	EMM156.1~*;EMM138.1~*	D4
23SH-126M0162_S11_L001.tmp	1	EMM12.37		A-C4
23SH-134M0555_S9_L001.tmp	1	EMM1.0		A-C3
23SH-139M0292_S8_L001.tmp	1	EMM1.0		A-C3
23SH-141M0012_S7_L001.tmp	1	EMM12.37		A-C4
23SH-149M0289_S4_L001.tmp	3	EMM83.1	EMM240.1~*;EMM156.1~*	D4
23SH-229M0995_S22_L001.tmp	1	EMM1.3		A-C3
23SH-230M0762_S21_L001.tmp	1	EMM1.3		A-C3
23SH-353M1519_S20_L001.tmp	1	EMM92.0		E2
L368066864_S1.tmp	1	EMM1.3		A-C3
L368070486_S2.tmp	1	EMM1.3		A-C3
R100_S34.tmp	2	EMM82.0	EMM149.0~*	E3
R101_S35.tmp	1	EMM12.101		A-C4
R102_S36.tmp	1	EMM12.101		A-C4
R103_S1.tmp	1	EMM12.0		A-C4
R104_S2.tmp	1	EMM12.0		A-C4
R105_S3.tmp	1	EMM12.101		A-C4
R151_S1.tmp	1	EMM12.101		A-C4
R152_S2.tmp	1	EMM12.35		A-C4
R153_S3.tmp	1	EMM12.0		A-C4
R154_S4.tmp	2	EMM89.0	EMM203.4	E4
R155_S5.tmp	1	EMM12.0		A-C4
R156_S6.tmp	1	EMM12.0		A-C4
R157_S7.tmp	1	EMM12.8		A-C4
R158_S8.tmp	1	EMM12.101		A-C4
R160_S9.tmp	1	EMM28.0		E4
R161_S10.tmp	1	EMM12.0		A-C4
R162_S11.tmp	1	EMM12.0		A-C4
R163_S12.tmp	1	EMM12.0		A-C4
R164_S13.tmp	2	EMM4.0	EMM156.0*	E1
R165_S14.tmp	1	EMM12.101		A-C4
R166_S15.tmp	1	EMM28.0		E4
R167_S16.tmp	1	EMM12.0		A-C4
R168_S17.tmp	1	EMM12.101		A-C4
R169_S18.tmp	2	EMM89.0	EMM203.4	E4
R174_S19.tmp	1	EMM12.0		A-C4
R176_S20.tmp	1	EMM28.0		E4
R177_S21.tmp	1	EMM12.8		A-C4
R178_S22.tmp	2	EMM2.0	EMM149.2*	E4
R179_S23.tmp	1	EMM28.0		E4
R180_S24.tmp	2	EMM87.0	EMM159.0~*	E3
R181_S25.tmp	2	EMM89.0	EMM203.4	E4
R182_S1.tmp	1	EMM12.101		A-C4
R183_S2.tmp	1	EMM12.0		A-C4
R184_S3.tmp	2	EMM89.0	EMM203.4	E4
R185_S4.tmp	1	EMM12.0		A-C4
R186_S5.tmp	1	EMM12.8		A-C4
R187_S6.tmp	1	EMM12.101		A-C4
R188_S7.tmp	2	EMM9.0	EMM203.4	E3
R189_S1.tmp	1	EMM28.0		E4
R190_S8.tmp	1	EMM12.0		A-C4
R191_S9.tmp	1	EMM1.0		A-C3
R192_S2.tmp	1	EMM12.19		A-C4
R193_S10.tmp	1	EMM12.101		A-C4
R194_S11.tmp	3	EMM22.0	EMM149.3~*;EMM156.0*	E4
R195_S12.tmp	1	EMM12.0		A-C4
R196_S13.tmp	1	EMM12.0		A-C4
R197_S14.tmp	1	EMM12.0		A-C4
R198_S15.tmp	1	EMM1.0		A-C3
R199_S16.tmp	1	EMM1.0		A-C3
R201_S17.tmp	1	EMM12.8		A-C4
R202_S3.tmp	1	EMM12.8		A-C4
R203_S4.tmp	1	EMM12.8		A-C4
R204_S26.tmp	1	EMM12.35		A-C4
R205_S27.tmp	1	EMM12.0		A-C4
R206_S18.tmp	1	EMM12.101		A-C4
R207_S19.tmp	2	EMM11.0	EMM202.1*	E6
R208_S20.tmp	1	EMM28.0		E4
R209_S5.tmp	1	EMM12.0		A-C4
R210_S21.tmp	1	EMM12.101		A-C4
R211_S22.tmp	2	EMM58.0	EMM236.1~*	E3
R212_S6.tmp	1	EMM12.0		A-C4
R213_S28.tmp	1	EMM12.8		A-C4
R214_S29.tmp	1	EMM12.0		A-C4
R215_S30.tmp	1	EMM12.0		A-C4
R216_S31.tmp	1	EMM12.0		A-C4
R217_S32.tmp	1	EMM12.0		A-C4
R219_S7.tmp	1	EMM12.0		A-C4
R220_S33.tmp	1	EMM12.37		A-C4
R221_S34.tmp	1	EMM81.0		E6
R222_S8.tmp	1	EMM12.8		A-C4
R223_S9.tmp	1	EMM12.0		A-C4
R224_S35.tmp	1	EMM12.101		A-C4
R225_S10.tmp	1	EMM12.0		A-C4
R226_S36.tmp	1	EMM12.0		A-C4
R227_S11.tmp	1	EMM12.0		A-C4
R228_S37.tmp	3	EMM22.0	EMM149.3~*;EMM156.0*	E4
R229_S12.tmp	1	EMM1.0		A-C3
R41_S10.tmp	1	EMM12.8		A-C4
R42_S11.tmp	1	EMM12.101		A-C4
R43_S12.tmp	1	EMM12.101		A-C4
R44_S13.tmp	1	EMM12.0		A-C4
R48_S14.tmp	1	EMM12.0		A-C4
R49_S15.tmp	1	EMM12.0		A-C4
R51_S16.tmp	2	EMM2.0	EMM149.2*	E4
R52_S17.tmp	2	EMM81.0	EMM156.1~*	E6
R54_S18.tmp	1	EMM1.0		A-C3
R58_S19.tmp	1	EMM12.37		A-C4
R59_S20.tmp	1	EMM12.0		A-C4
R60_S21.tmp	1	EMM12.0		A-C4
R61_S22.tmp	2	EMM77.0	EMM159.0*	E4
R62_S5.tmp	2	EMM28.0	EMM203.4~	E4
R67_S6.tmp	1	EMM12.0		A-C4
R68_S7.tmp	1	EMM12.0		A-C4
R69_S8.tmp	1	EMM12.8		A-C4
R70_S9.tmp	1	EMM1.0		A-C3
R72_S10.tmp	1	EMM12.0		A-C4
R73_S11.tmp	1	EMM12.0		A-C4
R76_S13.tmp	1	EMM12.8		A-C4
R77_S14.tmp	1	EMM12.8		A-C4
R78_S15.tmp	1	EMM12.0		A-C4
R79_S16.tmp	1	EMM1.0		A-C3
R80_S17.tmp	1	EMM12.0		A-C4
R81_S18.tmp	1	EMM12.8		A-C4
R82_S19.tmp	1	EMM12.101		A-C4
R84_S20.tmp	1	EMM12.101		A-C4
R85_S21.tmp	1	EMM12.19		A-C4
R86_S22.tmp	1	EMM12.0		A-C4
R87_S23.tmp	2	EMM75.0	EMM170.0*	E6
R88_S24.tmp	2	EMM58.0	EMM236.1~*	E3
R90_S25.tmp	2	EMM2.0	EMM149.2*	E4
R91_S26.tmp	1	EMM12.101		A-C4
R92_S27.tmp	1	EMM12.101		A-C4
R93_S29.tmp	1	EMM12.0		A-C4
R94_S30.tmp	2	EMM89.0	EMM203.4	E4
R95_S31.tmp	1	EMM12.0		A-C4
R96_S32.tmp	1	EMM12.35		A-C4
R98_S33.tmp	1	EMM12.0		A-C4
