231691324_S6.fna.gz	spyogenes	120	gki(43)	gtr(2)	murI(2)	mutS(7)	recP(1)	xpt(3)	yqiL(1)
233421898_S5.fna.gz	spyogenes	28	gki(4)	gtr(3)	murI(4)	mutS(4)	recP(4)	xpt(2)	yqiL(4)
233422248_S3.fna.gz	spyogenes	28	gki(4)	gtr(3)	murI(4)	mutS(4)	recP(4)	xpt(2)	yqiL(4)
233430166_S4.fna.gz	spyogenes	28	gki(4)	gtr(3)	murI(4)	mutS(4)	recP(4)	xpt(2)	yqiL(4)
23SB-106M0036_S15_L001.fna.gz	spyogenes	28	gki(4)	gtr(3)	murI(4)	mutS(4)	recP(4)	xpt(2)	yqiL(4)
23SB-143M0036_S5_L001.fna.gz	spyogenes	36	gki(5)	gtr(2)	murI(2)	mutS(6)	recP(6)	xpt(2)	yqiL(2)
23SC-014M0062_S3_L001.fna.gz	spyogenes	575	gki(8)	gtr(7)	murI(8)	mutS(8)	recP(9)	xpt(3)	yqiL(50)
23SC-035M0015_S9_L001.fna.gz	spyogenes	433	gki(4)	gtr(6)	murI(2)	mutS(54)	recP(21)	xpt(7)	yqiL(69)
23SC-083M0072_S18_L001.fna.gz	spyogenes	-	gki(25)	gtr(37)	murI(8)	mutS(7)	recP(2)	xpt(3)	yqiL(160)
23SC-088M0045_S21_L001.fna.gz	spyogenes	36	gki(5)	gtr(2)	murI(2)	mutS(6)	recP(6)	xpt(2)	yqiL(2)
23SC-089M0067_S23_L001.fna.gz	spyogenes	36	gki(5)	gtr(2)	murI(2)	mutS(6)	recP(6)	xpt(2)	yqiL(2)
23SC-121M0012_S12_L001.fna.gz	spyogenes	46	gki(9)	gtr(8)	murI(1)	mutS(1)	recP(1)	xpt(3)	yqiL(4)
23SC-140M0057_S6_L001.fna.gz	spyogenes	1319	gki(4)	gtr(3)	murI(4)	mutS(121)	recP(4)	xpt(2)	yqiL(4)
23SG-024M0143_S4_L001.fna.gz	spyogenes	36	gki(5)	gtr(2)	murI(2)	mutS(6)	recP(6)	xpt(2)	yqiL(2)
23SG-034M0106_S8_L001.fna.gz	spyogenes	82	gki(18)	gtr(20)	murI(7)	mutS(9)	recP(2)	xpt(2)	yqiL(15)
23SG-074M0109_S16_L001.fna.gz	spyogenes	433	gki(4)	gtr(6)	murI(2)	mutS(54)	recP(21)	xpt(7)	yqiL(69)
23SG-130M0102_S10_L001.fna.gz	spyogenes	36	gki(5)	gtr(2)	murI(2)	mutS(6)	recP(6)	xpt(2)	yqiL(2)
23SG-145M0015_S3_L001.fna.gz	spyogenes	36	gki(5)	gtr(2)	murI(2)	mutS(6)	recP(6)	xpt(2)	yqiL(2)
23SH-005M1638_S1_L001.fna.gz	spyogenes	5	gki(2)	gtr(2)	murI(2)	mutS(3)	recP(2)	xpt(3)	yqiL(2)
23SH-009M1094_S2_L001.fna.gz	spyogenes	624	gki(38)	gtr(2)	murI(2)	mutS(23)	recP(39)	xpt(2)	yqiL(1)
23SH-029M0358_S5_L001.fna.gz	spyogenes	433	gki(4)	gtr(6)	murI(2)	mutS(54)	recP(21)	xpt(7)	yqiL(69)
23SH-030M2179_S6_L001.fna.gz	spyogenes	52	gki(11)	gtr(6)	murI(14)	mutS(5)	recP(9)	xpt(17)	yqiL(19)
23SH-033M1095_S7_L001.fna.gz	spyogenes	433	gki(4)	gtr(6)	murI(2)	mutS(54)	recP(21)	xpt(7)	yqiL(69)
23SH-038M1879_S10_L001.fna.gz	spyogenes	433	gki(4)	gtr(6)	murI(2)	mutS(54)	recP(21)	xpt(7)	yqiL(69)
23SH-049M0198_S11_L001.fna.gz	spyogenes	433	gki(4)	gtr(6)	murI(2)	mutS(54)	recP(21)	xpt(7)	yqiL(69)
23SH-050M1003_S12_L001.fna.gz	spyogenes	334	gki(84)	gtr(2)	murI(21)	mutS(16)	recP(17)	xpt(3)	yqiL(1)
23SH-053M1623_S13_L001.fna.gz	spyogenes	347	gki(4)	gtr(31)	murI(2)	mutS(11)	recP(34)	xpt(3)	yqiL(2)
23SH-053M1624_S14_L001.fna.gz	spyogenes	347	gki(4)	gtr(31)	murI(2)	mutS(11)	recP(34)	xpt(3)	yqiL(2)
23SH-063M0013_S15_L001.fna.gz	spyogenes	36	gki(5)	gtr(2)	murI(2)	mutS(6)	recP(6)	xpt(2)	yqiL(2)
23SH-065M0295_S16_L001.fna.gz	spyogenes	101	gki(16)	gtr(2)	murI(8)	mutS(3)	recP(1)	xpt(13)	yqiL(3)
23SH-066M0152_S17_L001.fna.gz	spyogenes	433	gki(4)	gtr(6)	murI(2)	mutS(54)	recP(21)	xpt(7)	yqiL(69)
23SH-071M0020_S18_L001.fna.gz	spyogenes	433	gki(4)	gtr(6)	murI(2)	mutS(54)	recP(21)	xpt(7)	yqiL(69)
23SH-077M0027_S17_L001.fna.gz	spyogenes	382	gki(5)	gtr(52)	murI(5)	mutS(5)	recP(5)	xpt(4)	yqiL(3)
23SH-084M0850_S19_L001.fna.gz	spyogenes	28	gki(4)	gtr(3)	murI(4)	mutS(4)	recP(4)	xpt(2)	yqiL(4)
23SH-089M0615_S20_L001.fna.gz	spyogenes	36	gki(5)	gtr(2)	murI(2)	mutS(6)	recP(6)	xpt(2)	yqiL(2)
23SH-090M0134_S22_L001.fna.gz	spyogenes	399	gki(4)	gtr(31)	murI(2)	mutS(13)	recP(34)	xpt(3)	yqiL(4)
23SH-103M0533_S19_L001.fna.gz	spyogenes	36	gki(5)	gtr(2)	murI(2)	mutS(6)	recP(6)	xpt(2)	yqiL(2)
23SH-108M0271_S14_L001.fna.gz	spyogenes	433	gki(4)	gtr(6)	murI(2)	mutS(54)	recP(21)	xpt(7)	yqiL(69)
23SH-113M0067_S13_L001.fna.gz	spyogenes	538	gki(11)	gtr(2)	murI(69)	mutS(3)	recP(84)	xpt(13)	yqiL(83)
23SH-126M0162_S11_L001.fna.gz	spyogenes	242	gki(5)	gtr(2)	murI(2)	mutS(82)	recP(6)	xpt(2)	yqiL(2)
23SH-134M0555_S9_L001.fna.gz	spyogenes	28	gki(4)	gtr(3)	murI(4)	mutS(4)	recP(4)	xpt(2)	yqiL(4)
23SH-139M0292_S8_L001.fna.gz	spyogenes	28	gki(4)	gtr(3)	murI(4)	mutS(4)	recP(4)	xpt(2)	yqiL(4)
23SH-141M0012_S7_L001.fna.gz	spyogenes	242	gki(5)	gtr(2)	murI(2)	mutS(82)	recP(6)	xpt(2)	yqiL(2)
23SH-149M0289_S4_L001.fna.gz	spyogenes	853	gki(2)	gtr(2)	murI(2)	mutS(86)	recP(37)	xpt(3)	yqiL(2)
23SH-229M0995_S22_L001.fna.gz	spyogenes	28	gki(4)	gtr(3)	murI(4)	mutS(4)	recP(4)	xpt(2)	yqiL(4)
23SH-230M0762_S21_L001.fna.gz	spyogenes	28	gki(4)	gtr(3)	murI(4)	mutS(4)	recP(4)	xpt(2)	yqiL(4)
23SH-353M1519_S20_L001.fna.gz	spyogenes	82	gki(18)	gtr(20)	murI(7)	mutS(9)	recP(2)	xpt(2)	yqiL(15)
L368066864_S1.fna.gz	spyogenes	28	gki(4)	gtr(3)	murI(4)	mutS(4)	recP(4)	xpt(2)	yqiL(4)
L368070486_S2.fna.gz	spyogenes	28	gki(4)	gtr(3)	murI(4)	mutS(4)	recP(4)	xpt(2)	yqiL(4)
R100_S34.fna.gz	spyogenes	334	gki(84)	gtr(2)	murI(21)	mutS(16)	recP(17)	xpt(3)	yqiL(1)
R101_S35.fna.gz	spyogenes	242	gki(5)	gtr(2)	murI(2)	mutS(82)	recP(6)	xpt(2)	yqiL(2)
R102_S36.fna.gz	spyogenes	242	gki(5)	gtr(2)	murI(2)	mutS(82)	recP(6)	xpt(2)	yqiL(2)
R103_S1.fna.gz	spyogenes	36	gki(5)	gtr(2)	murI(2)	mutS(6)	recP(6)	xpt(2)	yqiL(2)
R104_S2.fna.gz	spyogenes	36	gki(5)	gtr(2)	murI(2)	mutS(6)	recP(6)	xpt(2)	yqiL(2)
R105_S3.fna.gz	spyogenes	242	gki(5)	gtr(2)	murI(2)	mutS(82)	recP(6)	xpt(2)	yqiL(2)
R151_S1.fna.gz	spyogenes	242	gki(5)	gtr(2)	murI(2)	mutS(82)	recP(6)	xpt(2)	yqiL(2)
R152_S2.fna.gz	spyogenes	36	gki(5)	gtr(2)	murI(2)	mutS(6)	recP(6)	xpt(2)	yqiL(2)
R153_S3.fna.gz	spyogenes	36	gki(5)	gtr(2)	murI(2)	mutS(6)	recP(6)	xpt(2)	yqiL(2)
R154_S4.fna.gz	spyogenes	101	gki(16)	gtr(2)	murI(8)	mutS(3)	recP(1)	xpt(13)	yqiL(3)
R155_S5.fna.gz	spyogenes	36	gki(5)	gtr(2)	murI(2)	mutS(6)	recP(6)	xpt(2)	yqiL(2)
R156_S6.fna.gz	spyogenes	36	gki(5)	gtr(2)	murI(2)	mutS(6)	recP(6)	xpt(2)	yqiL(2)
R157_S7.fna.gz	spyogenes	36	gki(5)	gtr(2)	murI(2)	mutS(6)	recP(6)	xpt(2)	yqiL(2)
R158_S8.fna.gz	spyogenes	242	gki(5)	gtr(2)	murI(2)	mutS(82)	recP(6)	xpt(2)	yqiL(2)
R160_S9.fna.gz	spyogenes	458	gki(11)	gtr(77)	murI(14)	mutS(5)	recP(9)	xpt(17)	yqiL(19)
R161_S10.fna.gz	spyogenes	36	gki(5)	gtr(2)	murI(2)	mutS(6)	recP(6)	xpt(2)	yqiL(2)
R162_S11.fna.gz	spyogenes	36	gki(5)	gtr(2)	murI(2)	mutS(6)	recP(6)	xpt(2)	yqiL(2)
R163_S12.fna.gz	spyogenes	36	gki(5)	gtr(2)	murI(2)	mutS(6)	recP(6)	xpt(2)	yqiL(2)
R164_S13.fna.gz	spyogenes	39	gki(5)	gtr(11)	murI(8)	mutS(5)	recP(15)	xpt(2)	yqiL(1)
R165_S14.fna.gz	spyogenes	242	gki(5)	gtr(2)	murI(2)	mutS(82)	recP(6)	xpt(2)	yqiL(2)
R166_S15.fna.gz	spyogenes	458	gki(11)	gtr(77)	murI(14)	mutS(5)	recP(9)	xpt(17)	yqiL(19)
R167_S16.fna.gz	spyogenes	-	gki(~5)	gtr(2)	murI(2)	mutS(6)	recP(6)	xpt(2)	yqiL(2)
R168_S17.fna.gz	spyogenes	242	gki(5)	gtr(2)	murI(2)	mutS(82)	recP(6)	xpt(2)	yqiL(2)
R169_S18.fna.gz	spyogenes	101	gki(16)	gtr(2)	murI(8)	mutS(3)	recP(1)	xpt(13)	yqiL(3)
R174_S19.fna.gz	spyogenes	36	gki(5)	gtr(2)	murI(2)	mutS(6)	recP(6)	xpt(2)	yqiL(2)
R176_S20.fna.gz	spyogenes	458	gki(11)	gtr(77)	murI(14)	mutS(5)	recP(9)	xpt(17)	yqiL(19)
R177_S21.fna.gz	spyogenes	36	gki(5)	gtr(2)	murI(2)	mutS(6)	recP(6)	xpt(2)	yqiL(2)
R178_S22.fna.gz	spyogenes	55	gki(11)	gtr(9)	murI(1)	mutS(9)	recP(2)	xpt(3)	yqiL(4)
R179_S23.fna.gz	spyogenes	458	gki(11)	gtr(77)	murI(14)	mutS(5)	recP(9)	xpt(17)	yqiL(19)
R180_S24.fna.gz	spyogenes	62	gki(13)	gtr(3)	murI(10)	mutS(12)	recP(20)	xpt(2)	yqiL(3)
R181_S25.fna.gz	spyogenes	101	gki(16)	gtr(2)	murI(8)	mutS(3)	recP(1)	xpt(13)	yqiL(3)
R182_S1.fna.gz	spyogenes	242	gki(5)	gtr(2)	murI(2)	mutS(82)	recP(6)	xpt(2)	yqiL(2)
R183_S2.fna.gz	spyogenes	36	gki(5)	gtr(2)	murI(2)	mutS(6)	recP(6)	xpt(2)	yqiL(2)
R184_S3.fna.gz	spyogenes	101	gki(16)	gtr(2)	murI(8)	mutS(3)	recP(1)	xpt(13)	yqiL(3)
R185_S4.fna.gz	spyogenes	36	gki(5)	gtr(2)	murI(2)	mutS(6)	recP(6)	xpt(2)	yqiL(2)
R186_S5.fna.gz	spyogenes	36	gki(5)	gtr(2)	murI(2)	mutS(6)	recP(6)	xpt(2)	yqiL(2)
R187_S6.fna.gz	spyogenes	242	gki(5)	gtr(2)	murI(2)	mutS(82)	recP(6)	xpt(2)	yqiL(2)
R188_S7.fna.gz	spyogenes	75	gki(15)	gtr(14)	murI(7)	mutS(18)	recP(19)	xpt(3)	yqiL(1)
R189_S1.fna.gz	spyogenes	458	gki(11)	gtr(77)	murI(14)	mutS(5)	recP(9)	xpt(17)	yqiL(19)
R190_S8.fna.gz	spyogenes	36	gki(5)	gtr(2)	murI(2)	mutS(6)	recP(6)	xpt(2)	yqiL(2)
R191_S9.fna.gz	spyogenes	28	gki(4)	gtr(3)	murI(4)	mutS(4)	recP(4)	xpt(2)	yqiL(4)
R192_S2.fna.gz	spyogenes	36	gki(5)	gtr(2)	murI(2)	mutS(6)	recP(6)	xpt(2)	yqiL(2)
R193_S10.fna.gz	spyogenes	242	gki(5)	gtr(2)	murI(2)	mutS(82)	recP(6)	xpt(2)	yqiL(2)
R194_S11.fna.gz	spyogenes	46	gki(9)	gtr(8)	murI(1)	mutS(1)	recP(1)	xpt(3)	yqiL(4)
R195_S12.fna.gz	spyogenes	36	gki(5)	gtr(2)	murI(2)	mutS(6)	recP(6)	xpt(2)	yqiL(2)
R196_S13.fna.gz	spyogenes	36	gki(5)	gtr(2)	murI(2)	mutS(6)	recP(6)	xpt(2)	yqiL(2)
R197_S14.fna.gz	spyogenes	36	gki(5)	gtr(2)	murI(2)	mutS(6)	recP(6)	xpt(2)	yqiL(2)
R198_S15.fna.gz	spyogenes	28	gki(4)	gtr(3)	murI(4)	mutS(4)	recP(4)	xpt(2)	yqiL(4)
R199_S16.fna.gz	spyogenes	28	gki(4)	gtr(3)	murI(4)	mutS(4)	recP(4)	xpt(2)	yqiL(4)
R201_S17.fna.gz	spyogenes	36	gki(5)	gtr(2)	murI(2)	mutS(6)	recP(6)	xpt(2)	yqiL(2)
R202_S3.fna.gz	spyogenes	36	gki(5)	gtr(2)	murI(2)	mutS(6)	recP(6)	xpt(2)	yqiL(2)
R203_S4.fna.gz	spyogenes	36	gki(5)	gtr(2)	murI(2)	mutS(6)	recP(6)	xpt(2)	yqiL(2)
R204_S26.fna.gz	spyogenes	36	gki(5)	gtr(2)	murI(2)	mutS(6)	recP(6)	xpt(2)	yqiL(2)
R205_S27.fna.gz	spyogenes	-	gki(~5)	gtr(2)	murI(2)	mutS(6)	recP(6)	xpt(2)	yqiL(2)
R206_S18.fna.gz	spyogenes	242	gki(5)	gtr(2)	murI(2)	mutS(82)	recP(6)	xpt(2)	yqiL(2)
R207_S19.fna.gz	spyogenes	403	gki(3)	gtr(4)	murI(6)	mutS(5)	recP(1)	xpt(5)	yqiL(0)
R208_S20.fna.gz	spyogenes	458	gki(11)	gtr(77)	murI(14)	mutS(5)	recP(9)	xpt(17)	yqiL(19)
R209_S5.fna.gz	spyogenes	36	gki(5)	gtr(2)	murI(2)	mutS(6)	recP(6)	xpt(2)	yqiL(2)
R210_S21.fna.gz	spyogenes	242	gki(5)	gtr(2)	murI(2)	mutS(82)	recP(6)	xpt(2)	yqiL(2)
R211_S22.fna.gz	spyogenes	176	gki(3)	gtr(2)	murI(3)	mutS(3)	recP(1)	xpt(3)	yqiL(3)
R212_S6.fna.gz	spyogenes	36	gki(5)	gtr(2)	murI(2)	mutS(6)	recP(6)	xpt(2)	yqiL(2)
R213_S28.fna.gz	spyogenes	36	gki(5)	gtr(2)	murI(2)	mutS(6)	recP(6)	xpt(2)	yqiL(2)
R214_S29.fna.gz	spyogenes	36	gki(5)	gtr(2)	murI(2)	mutS(6)	recP(6)	xpt(2)	yqiL(2)
R215_S30.fna.gz	spyogenes	242	gki(5)	gtr(2)	murI(2)	mutS(82)	recP(6)	xpt(2)	yqiL(2)
R216_S31.fna.gz	spyogenes	36	gki(5)	gtr(2)	murI(2)	mutS(6)	recP(6)	xpt(2)	yqiL(2)
R217_S32.fna.gz	spyogenes	36	gki(5)	gtr(2)	murI(2)	mutS(6)	recP(6)	xpt(2)	yqiL(2)
R219_S7.fna.gz	spyogenes	-	gki(~5)	gtr(2)	murI(2)	mutS(6)	recP(6)	xpt(2)	yqiL(2)
R220_S33.fna.gz	spyogenes	242	gki(5)	gtr(2)	murI(2)	mutS(82)	recP(6)	xpt(2)	yqiL(2)
R221_S34.fna.gz	spyogenes	837	gki(38)	gtr(2)	murI(2)	mutS(23)	recP(121)	xpt(2)	yqiL(1)
R222_S8.fna.gz	spyogenes	36	gki(5)	gtr(2)	murI(2)	mutS(6)	recP(6)	xpt(2)	yqiL(2)
R223_S9.fna.gz	spyogenes	36	gki(5)	gtr(2)	murI(2)	mutS(6)	recP(6)	xpt(2)	yqiL(2)
R224_S35.fna.gz	spyogenes	242	gki(5)	gtr(2)	murI(2)	mutS(82)	recP(6)	xpt(2)	yqiL(2)
R225_S10.fna.gz	spyogenes	36	gki(5)	gtr(2)	murI(2)	mutS(6)	recP(6)	xpt(2)	yqiL(2)
R226_S36.fna.gz	spyogenes	36	gki(5)	gtr(2)	murI(2)	mutS(6)	recP(6)	xpt(2)	yqiL(2)
R227_S11.fna.gz	spyogenes	36	gki(5)	gtr(2)	murI(2)	mutS(6)	recP(6)	xpt(2)	yqiL(2)
R228_S37.fna.gz	spyogenes	46	gki(9)	gtr(8)	murI(1)	mutS(1)	recP(1)	xpt(3)	yqiL(4)
R229_S12.fna.gz	spyogenes	28	gki(4)	gtr(3)	murI(4)	mutS(4)	recP(4)	xpt(2)	yqiL(4)
R41_S10.fna.gz	spyogenes	36	gki(5)	gtr(2)	murI(2)	mutS(6)	recP(6)	xpt(2)	yqiL(2)
R42_S11.fna.gz	spyogenes	242	gki(5)	gtr(2)	murI(2)	mutS(82)	recP(6)	xpt(2)	yqiL(2)
R43_S12.fna.gz	spyogenes	242	gki(5)	gtr(2)	murI(2)	mutS(82)	recP(6)	xpt(2)	yqiL(2)
R44_S13.fna.gz	spyogenes	36	gki(5)	gtr(2)	murI(2)	mutS(6)	recP(6)	xpt(2)	yqiL(2)
R48_S14.fna.gz	spyogenes	36	gki(5)	gtr(2)	murI(2)	mutS(6)	recP(6)	xpt(2)	yqiL(2)
R49_S15.fna.gz	spyogenes	36	gki(5)	gtr(2)	murI(2)	mutS(6)	recP(6)	xpt(2)	yqiL(2)
R51_S16.fna.gz	spyogenes	55	gki(11)	gtr(9)	murI(1)	mutS(9)	recP(2)	xpt(3)	yqiL(4)
R52_S17.fna.gz	spyogenes	837	gki(38)	gtr(2)	murI(2)	mutS(23)	recP(121)	xpt(2)	yqiL(1)
R54_S18.fna.gz	spyogenes	28	gki(4)	gtr(3)	murI(4)	mutS(4)	recP(4)	xpt(2)	yqiL(4)
R58_S19.fna.gz	spyogenes	242	gki(5)	gtr(2)	murI(2)	mutS(82)	recP(6)	xpt(2)	yqiL(2)
R59_S20.fna.gz	spyogenes	36	gki(5)	gtr(2)	murI(2)	mutS(6)	recP(6)	xpt(2)	yqiL(2)
R60_S21.fna.gz	spyogenes	36	gki(5)	gtr(2)	murI(2)	mutS(6)	recP(6)	xpt(2)	yqiL(2)
R61_S22.fna.gz	spyogenes	63	gki(13)	gtr(6)	murI(2)	mutS(3)	recP(23)	xpt(3)	yqiL(11)
R62_S5.fna.gz	spyogenes	52	gki(11)	gtr(6)	murI(14)	mutS(5)	recP(9)	xpt(17)	yqiL(19)
R67_S6.fna.gz	spyogenes	36	gki(5)	gtr(2)	murI(2)	mutS(6)	recP(6)	xpt(2)	yqiL(2)
R68_S7.fna.gz	spyogenes	36	gki(5)	gtr(2)	murI(2)	mutS(6)	recP(6)	xpt(2)	yqiL(2)
R69_S8.fna.gz	spyogenes	36	gki(5)	gtr(2)	murI(2)	mutS(6)	recP(6)	xpt(2)	yqiL(2)
R70_S9.fna.gz	spyogenes	28	gki(4)	gtr(3)	murI(4)	mutS(4)	recP(4)	xpt(2)	yqiL(4)
R72_S10.fna.gz	spyogenes	36	gki(5)	gtr(2)	murI(2)	mutS(6)	recP(6)	xpt(2)	yqiL(2)
R73_S11.fna.gz	spyogenes	36	gki(5)	gtr(2)	murI(2)	mutS(6)	recP(6)	xpt(2)	yqiL(2)
R76_S13.fna.gz	spyogenes	36	gki(5)	gtr(2)	murI(2)	mutS(6)	recP(6)	xpt(2)	yqiL(2)
R77_S14.fna.gz	spyogenes	36	gki(5)	gtr(2)	murI(2)	mutS(6)	recP(6)	xpt(2)	yqiL(2)
R78_S15.fna.gz	spyogenes	36	gki(5)	gtr(2)	murI(2)	mutS(6)	recP(6)	xpt(2)	yqiL(2)
R79_S16.fna.gz	spyogenes	28	gki(4)	gtr(3)	murI(4)	mutS(4)	recP(4)	xpt(2)	yqiL(4)
R80_S17.fna.gz	spyogenes	36	gki(5)	gtr(2)	murI(2)	mutS(6)	recP(6)	xpt(2)	yqiL(2)
R81_S18.fna.gz	spyogenes	36	gki(5)	gtr(2)	murI(2)	mutS(6)	recP(6)	xpt(2)	yqiL(2)
R82_S19.fna.gz	spyogenes	242	gki(5)	gtr(2)	murI(2)	mutS(82)	recP(6)	xpt(2)	yqiL(2)
R84_S20.fna.gz	spyogenes	242	gki(5)	gtr(2)	murI(2)	mutS(82)	recP(6)	xpt(2)	yqiL(2)
R85_S21.fna.gz	spyogenes	36	gki(5)	gtr(2)	murI(2)	mutS(6)	recP(6)	xpt(2)	yqiL(2)
R86_S22.fna.gz	spyogenes	36	gki(5)	gtr(2)	murI(2)	mutS(6)	recP(6)	xpt(2)	yqiL(2)
R87_S23.fna.gz	spyogenes	150	gki(11)	gtr(2)	murI(1)	mutS(3)	recP(50)	xpt(8)	yqiL(7)
R88_S24.fna.gz	spyogenes	176	gki(3)	gtr(2)	murI(3)	mutS(3)	recP(1)	xpt(3)	yqiL(3)
R90_S25.fna.gz	spyogenes	55	gki(11)	gtr(9)	murI(1)	mutS(9)	recP(2)	xpt(3)	yqiL(4)
R91_S26.fna.gz	spyogenes	242	gki(5)	gtr(2)	murI(2)	mutS(82)	recP(6)	xpt(2)	yqiL(2)
R92_S27.fna.gz	spyogenes	242	gki(5)	gtr(2)	murI(2)	mutS(82)	recP(6)	xpt(2)	yqiL(2)
R93_S29.fna.gz	spyogenes	36	gki(5)	gtr(2)	murI(2)	mutS(6)	recP(6)	xpt(2)	yqiL(2)
R94_S30.fna.gz	spyogenes	101	gki(16)	gtr(2)	murI(8)	mutS(3)	recP(1)	xpt(13)	yqiL(3)
R95_S31.fna.gz	spyogenes	36	gki(5)	gtr(2)	murI(2)	mutS(6)	recP(6)	xpt(2)	yqiL(2)
R96_S32.fna.gz	spyogenes	36	gki(5)	gtr(2)	murI(2)	mutS(6)	recP(6)	xpt(2)	yqiL(2)
R98_S33.fna.gz	spyogenes	36	gki(5)	gtr(2)	murI(2)	mutS(6)	recP(6)	xpt(2)	yqiL(2)
